rlls_model_pred$median,Actual EQ,,Model_size_5,,Model_size_10,
233.4198875,244.9313589,5%,242.2037,4%,241.6613,-1%
263.1120396,175.4323186,-50%,255.5289,-3%,249.8484,30%
193.72687,168.1066651,-15%,187.8146,-3%,177.6754,5%
149.3242993,161.529279,8%,131.4799,-14%,106.0422,-52%
133.5101496,151.6422314,12%,136.5964,2%,126.5552,-20%
116.5789233,130.9373608,11%,120.3708,3%,118.1528,-11%
