,lts_pred$median,,
1,260.0582978,244.9313589,-6%
2,306.1160819,175.4323186,-74%
3,242.3427477,168.1066651,-44%
4,148.3183821,161.529279,8%
5,99.07872097,151.6422314,35%
6,85.71746735,130.9373608,35%
